timestamp,heart_rate,steps,predicted_wellness,anomaly_flag,anomaly_score
2025-04-10 09:10:00,131,858,38.8474631203568,1,0.028119803069697413
2025-04-10 09:15:00,157,732,28.80168086417511,1,0.09609735704095496
2025-04-10 09:20:00,73,667,45.15558947277107,1,0.07618959387460678
2025-04-10 09:25:00,128,865,39.79170749845835,1,0.11872009314288762
2025-04-10 09:30:00,133,977,40.97430314606224,1,0.09281681255955904
2025-04-10 09:35:00,170,764,27.326482214124347,1,0.11471052362261674
2025-04-10 09:40:00,149,923,35.69656255014213,1,0.09739323411935086
2025-04-10 09:45:00,108,870,44.18474063095257,1,0.10387610454729812
2025-04-10 09:50:00,89,710,45.33712157868543,1,0.07929110655175214
2025-04-10 09:55:00,172,971,32.236374475797405,1,0.03499368765773159
2025-04-10 10:00:00,78,874,50.990997903796135,1,0.031246980193048612
2025-04-10 10:05:00,111,821,40.38076938374945,1,0.072944985953528
2025-04-10 10:10:00,79,732,46.36970867058651,1,0.028490645670691706
2025-04-10 10:15:00,127,996,43.400187012414726,1,0.031053074361607202
2025-04-10 10:20:00,158,600,25.516541571882087,1,0.07686570290558276
2025-04-10 10:25:00,124,408,27.071610785616908,1,0.015231016501483174
2025-04-10 10:30:00,79,843,49.23003493236631,1,0.01347447729843132
2025-04-10 10:35:00,178,359,14.632819678137407,1,0.06896081448541735
2025-04-10 10:40:00,153,428,21.307851403888666,1,0.12844599783120608
2025-04-10 10:45:00,93,516,36.04536225956009,1,0.1430161844072898
2025-04-10 10:50:00,116,423,28.8701175032426,1,0.14596067456040768
2025-04-10 10:55:00,130,307,23.836233858177923,1,0.09885439452352845
2025-04-10 11:00:00,175,826,28.792207279864932,1,0.09148134437687705
2025-04-10 11:05:00,76,784,50.71977728385622,1,0.08145430884947702
2025-04-10 11:10:00,72,733,46.7908070301349,1,0.10130575355902255
2025-04-10 11:15:00,67,554,43.25406455395285,1,0.0983217102889391
2025-04-10 11:20:00,83,377,33.787736856129115,1,0.05794313465995582
2025-04-10 11:25:00,66,395,38.779207820862155,1,0.042565443080235243
2025-04-10 11:30:00,170,688,25.329617491342788,1,0.05462196089476801
2025-04-10 11:35:00,96,798,45.49390364869009,1,0.08307418825264046
2025-04-10 11:40:00,134,621,30.615934533578756,1,0.11021082584814279
2025-04-10 11:45:00,80,490,38.338575155462976,1,0.08401111935763977
2025-04-10 11:50:00,111,892,44.00032615264452,1,0.08172163430771995
2025-04-10 11:55:00,132,509,27.092565180573448,1,0.08184468144311025
2025-04-10 12:00:00,118,769,38.08753433825578,1,0.1257312686355942
2025-04-10 12:05:00,76,550,42.72865487346031,1,0.10625123377259754
2025-04-10 12:10:00,150,841,33.324026581614454,1,0.131080401882674
2025-04-10 12:15:00,180,418,14.898249159805436,1,0.09761525041974489
2025-04-10 12:20:00,137,949,39.30454617192751,1,0.12709898340983217
2025-04-10 12:25:00,71,345,37.33869935894492,1,0.09690257642232875
2025-04-10 12:30:00,80,737,46.922625846025014,1,0.11906768001435253
2025-04-10 12:35:00,129,865,39.01160561434768,1,0.1474157741711875
2025-04-10 12:40:00,175,515,18.295194229627995,1,0.12677344284454023
2025-04-10 12:45:00,173,458,16.489521859176513,1,0.123660095674263
2025-04-10 12:50:00,172,640,22.566577984243807,1,0.11741754935848142
2025-04-10 12:55:00,94,339,34.49240255227428,1,0.07367297986071286
2025-04-10 13:00:00,104,324,28.210473780242733,1,0.09862647445585959
2025-04-10 13:05:00,158,821,30.735738090597167,1,0.12678128254052595
2025-04-10 13:10:00,180,482,16.250567778359017,1,0.06283715667740519
2025-04-10 13:15:00,153,920,34.02955473824502,1,0.07380028635586622
2025-04-10 13:20:00,65,832,52.27090692783632,1,0.07288970192266175
2025-04-10 13:25:00,139,607,29.627177044853678,1,0.09672930464127288
2025-04-10 13:30:00,130,980,42.685572964034954,1,0.09149282881997223
2025-04-10 13:35:00,132,300,22.471322102500057,1,0.0816737606127877
2025-04-10 13:40:00,137,752,34.444797006493275,1,0.12073940823146023
2025-04-10 13:45:00,144,979,38.60769473097127,1,0.10059486609284812
2025-04-10 13:50:00,146,450,23.289589303524636,1,0.02379846694942389
2025-04-10 13:55:00,168,724,26.32237813173794,1,0.043115258583631855
2025-04-10 14:00:00,91,305,31.813248954136725,1,0.08787175928828733
2025-04-10 14:05:00,119,424,28.41785806782629,1,0.15389742570278458
2025-04-10 14:10:00,131,927,40.836534664668804,1,0.1287961844197033
2025-04-10 14:15:00,155,565,24.832978739376372,1,0.123659600782835
2025-04-10 14:20:00,122,750,36.88234053564681,1,0.14350984363787983
2025-04-10 14:25:00,100,441,32.38298596910238,1,0.08850056517926624
2025-04-10 14:30:00,68,855,51.425431483961574,1,0.07517385765709939
2025-04-10 14:35:00,109,320,27.487701294745634,1,0.04888280836481762
2025-04-10 14:40:00,156,859,33.21793124147572,1,0.08562900976540466
2025-04-10 14:45:00,63,995,55.63637664468065,1,0.0778986761339352
2025-04-10 14:50:00,139,906,42.086466536304854,1,0.1189389033530674
2025-04-10 14:55:00,83,635,42.74431897850758,1,0.10872750639257361
2025-04-10 15:00:00,95,383,32.510110552877585,1,0.10303695382872319
2025-04-10 15:05:00,88,341,32.754293410236976,1,0.05967689970958823
2025-04-10 15:10:00,139,784,36.02918635661648,1,0.12015248750801777
2025-04-10 15:15:00,158,921,33.65148989641969,1,0.07785679482118335
2025-04-10 15:20:00,73,889,53.18460915358713,1,0.10554377585436808
2025-04-10 15:25:00,135,404,24.111886088669486,1,0.10641371064923327
2025-04-10 15:30:00,161,845,32.346064989418785,1,0.11628327334280597
2025-04-10 15:35:00,61,408,39.34599697404906,1,0.0978945973923841
2025-04-10 15:40:00,150,834,33.354718586639436,1,0.1437795826015748
2025-04-10 15:45:00,119,630,33.8281669030046,1,0.14662091453044723
2025-04-10 15:50:00,91,924,49.91615490859064,1,0.11426979479421528
2025-04-10 15:55:00,83,564,40.308868135927135,1,0.08877721393400323
2025-04-10 16:00:00,131,387,24.689098894978248,1,0.13038761105148933
2025-04-10 16:05:00,148,802,31.662019804456417,1,0.11830403339888207
2025-04-10 16:10:00,111,979,45.1989840599534,1,0.100532199040202
2025-04-10 16:15:00,155,764,29.6168756600893,1,0.12251452148395098
2025-04-10 16:20:00,100,489,34.07531298830552,1,0.12772885092394237
2025-04-10 16:25:00,157,402,18.44873695237944,1,0.12206804858321513
2025-04-10 16:30:00,61,580,44.46585651916498,1,0.12557586849131447
2025-04-10 16:35:00,141,312,19.518732863615625,1,0.10255278160968156
2025-04-10 16:40:00,66,366,37.82912024035612,1,0.08513313718135823
2025-04-10 16:45:00,79,387,38.813177743646655,1,0.09169686910697916
2025-04-10 16:50:00,136,835,37.6095610708455,1,0.15061093157208982
2025-04-10 16:55:00,114,361,26.917856529473955,1,0.09920485915612004
2025-04-10 17:00:00,93,545,38.38769664340971,1,0.07439761054290189
2025-04-10 17:05:00,117,598,32.52418847374198,1,0.05678255607801097
2025-04-10 17:10:00,69,940,54.626207148242486,1,0.014841193832955568
2025-04-10 17:15:00,176,361,18.56488453830642,1,0.01814562711393264
2025-04-10 17:20:00,177,779,25.772173983483185,1,0.0654217488050034
2025-04-10 17:25:00,129,912,42.04364010934628,1,0.0934950296979874
2025-04-10 17:30:00,92,990,49.54831043777582,1,0.08705133030245799
2025-04-10 17:35:00,133,831,37.67056701926883,1,0.12121127585103209
2025-04-10 17:40:00,115,781,38.84581370780136,1,0.1392301888462516
2025-04-10 17:45:00,169,807,29.635606167955984,1,0.0737268536039144
2025-04-10 17:50:00,64,558,43.2638226715771,1,0.08432590099651632
2025-04-10 17:55:00,165,723,25.780321120180925,1,0.07859447947308651
2025-04-10 18:00:00,140,573,27.102241179052207,1,0.061879887529293076
2025-04-10 18:05:00,75,545,41.53077496589278,1,0.08673360739380043
2025-04-10 18:10:00,71,420,38.754271990016356,1,0.05191725236384481
2025-04-10 18:15:00,150,783,31.05330773566672,1,0.11566617331295048
2025-04-10 18:20:00,177,439,16.678635066135453,1,0.11945075984038034
2025-04-10 18:25:00,103,302,27.362706387888174,1,0.10707559684981155
2025-04-10 18:30:00,144,851,36.21892424003448,1,0.1344818527434824
2025-04-10 18:35:00,108,544,34.61440501757446,1,0.146310149062146
2025-04-10 18:40:00,100,690,39.3310402054018,1,0.13814533981640337
2025-04-10 18:45:00,123,814,38.238388409456476,1,0.15155079614440486
2025-04-10 18:50:00,72,447,39.93792588160463,1,0.09569163257975766
2025-04-10 18:55:00,120,938,43.50700905484831,1,0.11577332423456266
2025-04-10 19:00:00,108,799,40.784743021685465,1,0.15179929878862686
2025-04-10 19:05:00,89,400,34.3381249711806,1,0.1186403600663451
2025-04-10 19:10:00,65,667,46.36927732676425,1,0.07950555311595858
2025-04-10 19:15:00,132,479,29.110714003868495,1,0.10306325433873703
2025-04-10 19:20:00,123,537,30.457111258985634,1,0.11299192064499836
2025-04-10 19:25:00,175,993,32.57700991990033,1,0.04445778182221316
2025-04-10 19:30:00,98,556,37.337044099733376,1,0.1379242114684709
2025-04-10 19:35:00,169,690,25.857825404612864,1,0.14005409682368708
2025-04-10 19:40:00,62,308,38.13285908834908,1,0.07628441392741492
2025-04-10 19:45:00,159,660,26.76595043965313,1,0.12749093562774427
2025-04-10 19:50:00,140,340,20.764818664043997,1,0.1176256921817832
2025-04-10 19:55:00,153,634,26.613146681959314,1,0.09070805155935374
2025-04-10 20:00:00,172,579,25.03349675379827,1,0.022527453553316645
2025-04-10 20:05:00,163,779,28.876868676266884,1,0.08982672731244323
2025-04-10 20:10:00,168,392,15.66335184577642,-1,-0.026125016038650806
2025-04-10 20:15:00,107,690,38.73350918428403,1,0.09682383123158972
2025-04-10 20:20:00,139,924,39.421770551183684,1,0.08184054303179855
2025-04-10 20:25:00,176,718,23.531410899611455,1,0.06796242721490359
2025-04-10 20:30:00,123,850,40.9059337437875,1,0.06828005118332026
2025-04-10 20:35:00,113,970,45.84092273107837,1,0.05826684247340719
2025-04-10 20:40:00,64,754,50.05394843361193,1,0.055823233402821026
2025-04-10 20:45:00,147,667,28.705287661963794,1,0.11086644824662706
2025-04-10 20:50:00,168,978,36.87981719530418,1,0.03862826865230107
2025-04-10 20:55:00,66,428,40.69531263844243,1,0.06475690132543688
2025-04-10 21:00:00,135,451,25.514475844459838,1,0.10926780504073658
2025-04-10 21:05:00,129,976,42.146663360977854,1,0.054383681580943644
2025-04-10 21:10:00,135,571,28.214337966138327,1,0.0912344273954912
2025-04-10 21:15:00,155,670,26.978406103484414,1,0.08187819034464094
2025-04-10 21:20:00,65,769,50.80133520768593,1,0.07321459499863159
2025-04-10 21:25:00,114,754,38.22626961051465,1,0.13461090975720108
2025-04-10 21:30:00,68,948,53.61039653084169,1,0.09871943093509405
2025-04-10 21:35:00,118,401,27.087804001754126,1,0.11000123578167859
2025-04-10 21:40:00,152,762,30.519358887872755,1,0.13345385603749566
2025-04-10 21:45:00,113,737,40.33456947783795,1,0.04863869842001245
2025-04-10 21:50:00,147,393,20.661303664416213,1,0.06311670625918053
2025-04-10 21:55:00,163,900,32.49881736090019,1,0.10075024820513878
2025-04-10 22:00:00,171,914,31.897304310096583,1,0.07755285648477944
2025-04-10 22:05:00,79,410,36.73826922937306,1,0.11690796786799429
2025-04-10 22:10:00,133,936,40.42034951856926,1,0.09673937328329435
2025-04-10 22:15:00,63,616,44.83716178217281,1,0.10280578741695384
2025-04-10 22:20:00,132,445,25.287148261134124,1,0.14766661829409472
2025-04-10 22:25:00,113,678,37.23830391569279,1,0.14881909083114514
2025-04-10 22:30:00,136,461,25.76873322459438,1,0.15195207022268103
2025-04-10 22:35:00,122,579,32.952867971920064,1,0.15555425476038942
2025-04-10 22:40:00,74,839,50.192616113200756,1,0.1255040949677919
2025-04-10 22:45:00,67,516,42.65868167783455,1,0.09643525228304528
2025-04-10 22:50:00,60,432,39.5063149491973,1,0.037165898942994935
2025-04-10 22:55:00,166,706,25.615173557801864,1,0.08514968295365943
2025-04-10 23:00:00,170,887,51.26246005922527,-1,-0.014518469354180552
2025-04-10 23:05:00,111,932,68.44924043320061,1,0.011903252017357424
2025-04-10 23:10:00,115,746,52.63602929031786,1,0.015050168376918305
2025-04-10 23:15:00,155,472,41.80133960580962,1,0.023283476098494793
2025-04-10 23:20:00,84,960,71.22653472885283,1,0.0454215258390247
2025-04-10 23:25:00,82,377,47.52047748114328,1,0.029103794283249163
2025-04-10 23:30:00,156,997,56.45895887990608,1,0.021959752050240366
2025-04-10 23:35:00,116,946,65.85793853702029,1,0.047458963697609824
2025-04-10 23:40:00,124,762,57.47782859322722,1,0.03019398929031858
2025-04-10 23:45:00,142,908,56.95567855962662,1,0.019989865692775055
2025-04-10 23:50:00,117,492,56.9884971478342,1,0.03934097398239711
2025-04-10 23:55:00,117,386,51.97831977452188,1,0.03691658113894958
2025-04-11 00:00:00,127,672,56.38438030452441,1,0.016994141471566526
2025-04-11 00:05:00,146,962,59.883219496485154,-1,-0.06446713997314601
2025-04-11 00:10:00,96,641,61.50224203106415,1,0.05979091073924536
2025-04-11 00:15:00,99,978,71.60568600847176,-1,-0.027653074630239582
2025-04-11 00:20:00,99,636,61.17009365212029,1,0.051402612097043554
2025-04-11 00:25:00,71,670,68.61269354810992,1,0.0402961831315829
2025-04-11 00:30:00,103,531,59.100798229705354,1,0.06757202175342275
2025-04-11 00:35:00,124,839,52.904618265093674,1,0.04418564576962636
2025-04-11 00:40:00,76,466,51.97120926413435,1,0.03150089750729956
2025-04-11 00:45:00,152,673,52.34913434623391,1,0.006514452095068735
2025-04-11 00:50:00,89,780,68.80984928675097,1,0.04040768371818604
2025-04-11 00:55:00,119,814,62.225750046997554,1,0.05050022426189693
2025-04-11 01:00:00,77,956,71.72656068844668,-1,-0.0026496026659026395
2025-04-11 01:05:00,151,591,51.24112713498185,1,0.03463199861335786
2025-04-11 01:10:00,78,527,65.57539983387505,1,0.02817454338618508
2025-04-11 01:15:00,66,541,60.273115693242936,1,0.04096262977377596
2025-04-11 01:20:00,100,965,69.58711377497758,1,0.037939628919118396
2025-04-11 01:25:00,177,442,40.73316339621865,1,0.035777236179590166
2025-04-11 01:30:00,62,861,72.42770192287749,1,0.0057864944261747375
2025-04-11 01:35:00,75,954,74.38212424421825,-1,-0.03614102527899332
2025-04-11 01:40:00,136,827,58.5666215745541,-1,-0.002144973355700408
2025-04-11 01:45:00,138,726,53.068181240567775,1,0.0009585654208001948
2025-04-11 01:50:00,68,819,75.01856262161034,-1,-0.0010498873562254651
2025-04-11 01:55:00,107,369,53.04834178343142,1,0.017999919477215465
2025-04-11 02:00:00,158,345,37.3168477309225,1,0.01667619122053776
2025-04-11 02:05:00,166,790,53.7656619771241,1,0.025775258071060736
2025-04-11 02:10:00,64,504,63.70392739144244,1,0.03416725472976756
2025-04-11 02:15:00,164,337,38.821578639128255,1,0.0008006256099586384
2025-04-11 02:20:00,170,427,43.160524895208574,-1,-0.01282882644105976
2025-04-11 02:25:00,174,491,42.83688018601071,-1,-0.055703883159502254
2025-04-11 02:30:00,94,734,63.14629089118778,-1,-0.03531564465245152
2025-04-11 02:35:00,129,381,45.090475877527815,-1,-0.029667348042640818
2025-04-11 02:40:00,151,754,52.89241129240321,-1,-0.008438664029784992
2025-04-11 02:45:00,138,358,42.40087637097954,-1,-0.040184532471295276
2025-04-11 02:50:00,162,446,42.31435493308396,-1,-0.020771632378507543
2025-04-11 02:55:00,106,919,68.327306903076,1,0.0024066813040212187
2025-04-11 03:00:00,116,440,56.18509479948181,-1,-0.026419707305026408
2025-04-11 03:05:00,74,830,68.48989259966473,1,0.030320366137042254
2025-04-11 03:10:00,150,592,50.67197230335329,1,0.04533493300840308
2025-04-11 03:15:00,117,998,62.18147529177918,1,0.0425693009625312
2025-04-11 03:20:00,129,953,62.034551938926604,1,0.03851508211411814
2025-04-11 03:25:00,85,805,59.518412441122145,1,0.053125930279375955
2025-04-11 03:30:00,162,388,40.464685296769034,1,0.04921524315296966
2025-04-11 03:35:00,127,375,47.485200480243854,1,0.04213821805448792
2025-04-11 03:40:00,119,431,51.925204982866966,1,0.07021066997580488
2025-04-11 03:45:00,176,830,50.01821179823482,1,0.046818657357250326
2025-04-11 03:50:00,104,380,52.981253942326994,1,0.05122968397125027
2025-04-11 03:55:00,76,846,61.29800118478862,1,0.05823958886427083
2025-04-11 04:00:00,79,919,71.37201582190208,1,0.052908089683742165
2025-04-11 04:05:00,70,571,68.61035643615814,1,0.037655057025578365
2025-04-11 04:10:00,123,596,56.50690414283893,1,0.06231710183128081
2025-04-11 04:15:00,98,361,52.68101755909458,1,0.028213135622843333
2025-04-11 04:20:00,103,626,60.963959149737796,1,0.04299438521645371
2025-04-11 04:25:00,125,547,56.17866260657973,1,0.05627447243038208
2025-04-11 04:30:00,72,930,77.04013292425752,1,0.02863900891002913
2025-04-11 04:35:00,164,620,48.952055933343956,1,0.028586535570609195
2025-04-11 04:40:00,119,323,41.026425130559375,-1,-0.0011310316220481953
2025-04-11 04:45:00,87,351,54.50317596601229,1,0.012274838695351287
2025-04-11 04:50:00,96,741,66.38610614757255,1,0.04568208561708931
2025-04-11 04:55:00,106,883,64.58706904403144,1,0.05186228421430883
2025-04-11 05:00:00,124,938,64.03991560064847,1,0.03943547305340922
2025-04-11 05:05:00,161,447,41.6770063854935,1,0.007558399429407281
2025-04-11 05:10:00,65,641,70.02047552332311,1,0.01758141739093355
2025-04-11 05:15:00,77,466,61.54810176445462,1,0.031113576836638512
2025-04-11 05:20:00,135,845,59.06638708935114,1,0.0440263080334673
2025-04-11 05:25:00,107,897,57.647143630659805,1,0.05418487730977606
2025-04-11 05:30:00,136,892,60.7077698912516,1,0.04920963548177448
2025-04-11 05:35:00,127,451,47.96085831138102,1,0.04619486949931517
2025-04-11 05:40:00,84,728,65.02962533613727,1,0.04420145698357014
2025-04-11 05:45:00,159,363,40.90654549944042,1,0.03830619239005062
2025-04-11 05:50:00,127,770,57.40764239201786,1,0.0674121606453188
2025-04-11 05:55:00,138,585,51.411944221950336,1,0.07013325652718139
2025-04-11 06:00:00,158,800,30.350429082592303,1,0.1422848054492194
2025-04-11 06:05:00,96,856,45.79427809675663,1,0.12691072398663822
2025-04-11 06:10:00,158,343,16.929046760505372,1,0.12691128248340144
2025-04-11 06:15:00,143,506,24.344537419136746,1,0.13389152919985287
2025-04-11 06:20:00,73,548,43.11554639329699,1,0.12772800917221078
2025-04-11 06:25:00,66,783,50.93827828355041,1,0.12509011227040212
2025-04-11 06:30:00,178,787,27.706722272172414,1,0.08093687453588949
2025-04-11 06:35:00,101,391,30.809596900427778,1,0.09236052440070336
2025-04-11 06:40:00,176,480,16.849719793897755,1,0.1175678037217035
2025-04-11 06:45:00,83,309,32.977225441664174,1,0.0739988865876956
2025-04-11 06:50:00,96,836,45.631201255218095,1,0.12729887248524258
2025-04-11 06:55:00,119,638,33.40293991519092,1,0.1314467648783912
2025-04-11 07:00:00,61,881,54.57049169112698,1,0.09334051093886331
2025-04-11 07:05:00,165,388,16.597576483481372,1,0.08040931268971147
2025-04-11 07:10:00,121,567,33.64699029056169,1,0.1197765471793516
2025-04-11 07:15:00,98,567,38.725813336774515,1,0.12752338920006945
2025-04-11 07:20:00,119,814,38.791222274825806,1,0.14386242803681576
2025-04-11 07:25:00,107,436,30.468927798415972,1,0.12968888986619415
2025-04-11 07:30:00,107,850,43.214175360441466,1,0.12640080964787598
2025-04-11 07:35:00,171,757,26.480612002740973,1,0.1326629606992723
2025-04-11 07:40:00,166,886,31.994957205486045,1,0.1324581302772247
2025-04-11 07:45:00,74,897,52.16343905602018,1,0.08455144395775233
2025-04-11 07:50:00,118,767,37.664944978817445,1,0.1275532087358367
2025-04-11 07:55:00,152,303,18.73632820778811,1,0.09542950880572115
2025-04-11 08:00:00,149,370,19.767462787332658,1,0.09850382818450071
2025-04-11 08:05:00,158,683,26.397802364653675,1,0.1221462058562478
2025-04-11 08:10:00,108,969,46.14342674100482,1,0.11224384586388853
2025-04-11 08:15:00,127,323,23.98284972088438,1,0.10490417766531934
2025-04-11 08:20:00,128,771,38.247613376598785,1,0.12802102814643695
2025-04-11 08:25:00,64,316,36.70188897079217,1,0.09087173672622217
2025-04-11 08:30:00,117,345,26.05641677999128,1,0.12892949755112498
2025-04-11 08:35:00,77,889,51.73628844272701,1,0.11777882344489399
2025-04-11 08:40:00,90,833,48.290892882533406,1,0.13307936179795393
2025-04-11 08:45:00,135,995,41.035118856877446,1,0.1039655555224962
2025-04-11 08:50:00,180,626,22.04004149265023,1,0.08489129318878263
2025-04-11 08:55:00,156,530,23.002908978002743,1,0.11491910853948584
2025-04-11 09:00:00,177,726,23.07530843367023,1,0.10991589576930166
2025-04-11 09:05:00,142,394,21.218214342319328,1,0.10647507117662597
2025-04-11 09:10:00,137,901,39.170392265804,1,0.13399980850599835
2025-04-11 09:15:00,98,494,35.35821753792758,1,0.10585031902327935
2025-04-11 09:20:00,149,545,28.582404339035467,1,0.09062928717868202
2025-04-11 09:25:00,143,668,30.59501828344262,1,0.11143799043543268
2025-04-11 09:30:00,157,679,28.441837739735526,1,0.07545711157061996
2025-04-11 09:35:00,154,866,32.86704631818879,1,0.07028461837010097
2025-04-11 09:40:00,108,863,43.031077292629334,1,0.09901011350034111
2025-04-11 09:45:00,118,443,29.903901889134996,1,0.10461925350195933
2025-04-11 09:50:00,127,349,24.897071825132922,1,0.11473050239744415
2025-04-11 09:55:00,68,523,42.91210705479588,1,0.12916028106762584
2025-04-11 10:00:00,176,306,14.19152435021534,1,0.04292698753639823
2025-04-11 10:05:00,128,990,42.89460245029648,1,0.08856986912884313
2025-04-11 10:10:00,177,546,19.55629284833894,1,0.09819487563622559
2025-04-11 10:15:00,94,682,41.246238870399495,1,0.1470546433323225
2025-04-11 10:20:00,98,965,48.098389948507744,1,0.09956880853012617
2025-04-11 10:25:00,120,475,29.6895870634202,1,0.14809802796638288
2025-04-11 10:30:00,132,343,23.802309383008495,1,0.11431461411595562
2025-04-11 10:35:00,120,1000,43.93926252243702,1,0.09975119498165363
2025-04-11 10:40:00,82,512,38.9224146016578,1,0.1065294650441515
2025-04-11 10:45:00,178,877,29.55441777443125,1,0.0805894537093716
2025-04-11 10:50:00,102,380,30.088483778975966,1,0.11388120368899124
2025-04-11 10:55:00,103,706,40.33220434901933,1,0.128425270474734
2025-04-11 11:00:00,122,684,36.35527204830075,1,0.11671907413563809
2025-04-11 11:05:00,70,552,43.444818150097596,1,0.10415315610746317
2025-04-11 11:10:00,154,409,20.402365449406563,1,0.1239412448987201
2025-04-11 11:15:00,157,389,18.11477146266152,1,0.11056018205626811
2025-04-11 11:20:00,112,662,37.40670729332891,1,0.14676055201834315
2025-04-11 11:25:00,61,386,39.039755664235805,1,0.0860610641000763
2025-04-11 11:30:00,81,574,41.211160521137025,1,0.13120392483515392
2025-04-11 11:35:00,113,669,37.258353810892174,1,0.08332842717394467
2025-04-11 11:40:00,136,409,24.042798912626107,1,0.07970786113885842
2025-04-11 11:45:00,167,750,26.223230198696932,1,0.08093648506833451
2025-04-11 11:50:00,77,505,39.447559695171876,1,0.10118244606341137
2025-04-11 11:55:00,97,889,47.08450144911916,1,0.1324843558026142
2025-04-11 12:00:00,106,906,44.80151548257852,1,0.1180609805577501
2025-04-11 12:05:00,180,598,19.38948894397562,1,0.07707786023193836
2025-04-11 12:10:00,146,610,26.908058388308554,1,0.1463635979021468
2025-04-11 12:15:00,161,912,33.765432904887234,1,0.11681554194108756
2025-04-11 12:20:00,129,849,38.20741235676143,1,0.13567209415336623
2025-04-11 12:25:00,81,876,50.88107600455445,1,0.09305890799924849
2025-04-11 12:30:00,73,527,41.01406255835988,1,0.0712384713502045
2025-04-11 12:35:00,148,325,18.965322002163404,1,0.10395084219653755
2025-04-11 12:40:00,74,619,44.401754630364266,1,0.11878940122564036
2025-04-11 12:45:00,104,763,41.06190059852715,1,0.1464699264153307
2025-04-11 12:50:00,62,411,41.06438036841129,1,0.10775246113282033
2025-04-11 12:55:00,82,873,50.992090933558146,1,0.09928640827869029
2025-04-11 13:00:00,140,973,39.813274776873484,1,0.07379393940189455
2025-04-11 13:05:00,117,304,26.066328457752682,1,0.06284295764086067
2025-04-11 13:10:00,133,674,31.96824412253609,1,0.0964228173874202
2025-04-11 13:15:00,127,911,41.99816555635662,1,0.11611327612622652
2025-04-11 13:20:00,105,476,31.43763805143497,1,0.11885319012429302
2025-04-11 13:25:00,100,419,31.9931972482698,1,0.057429843988823115
2025-04-11 13:30:00,113,692,37.82945308818712,1,0.06620838218118041
2025-04-11 13:35:00,131,443,25.357268990497523,1,0.06789762715285402
2025-04-11 13:40:00,170,439,17.20888787366381,1,0.10521006571488423
2025-04-11 13:45:00,143,803,33.76197687525279,1,0.12363104915571721
2025-04-11 13:50:00,70,599,44.3295950978793,1,0.11164108011031987
2025-04-11 13:55:00,159,807,31.23970229348043,1,0.1462395461882603
2025-04-11 14:00:00,165,751,27.26865238771477,1,0.14269601891659084
2025-04-11 14:05:00,98,569,37.619292368840405,1,0.14188952563735502
2025-04-11 14:10:00,159,902,34.2782626640111,1,0.10670554811983984
2025-04-11 14:15:00,81,511,41.998711770776666,1,0.10367436317649154
2025-04-11 14:20:00,128,599,32.4849503782081,1,0.15387933251740116
2025-04-11 14:25:00,175,721,24.130103695947028,1,0.0914662315331708
2025-04-11 14:30:00,149,449,22.422696757855384,1,0.12740266728775834
2025-04-11 14:35:00,122,575,32.16340010133252,1,0.14164332034079286
2025-04-11 14:40:00,111,677,37.106605461957116,1,0.1259897721463175
2025-04-11 14:45:00,171,769,27.493611670313236,1,0.12169865532343149
2025-04-11 14:50:00,87,806,47.65835506647884,1,0.13039545436759026
2025-04-11 14:55:00,133,651,31.760234469178403,1,0.1434444456820892
2025-04-11 15:00:00,62,767,51.31001016578652,1,0.11399826230397181
2025-04-11 15:05:00,172,580,20.552946091210046,1,0.13464299495318954
2025-04-11 15:10:00,145,353,20.295173660532875,1,0.10504368643737982
2025-04-11 15:15:00,114,397,28.009863851530785,1,0.13148252119359555
2025-04-11 15:20:00,88,308,32.02694004451052,1,0.10001875572674962
2025-04-11 15:25:00,148,534,23.83140869748,1,0.13369924292000002
2025-04-11 15:30:00,100,691,40.67775111468584,1,0.13138268248444118
2025-04-11 15:35:00,127,965,41.49575403446862,1,0.08993364433516027
2025-04-11 15:40:00,177,753,25.72758680541472,1,0.10336205150895966
2025-04-11 15:45:00,135,739,34.390859281800616,1,0.11998884240706381
2025-04-11 15:50:00,91,922,49.64519180068566,1,0.06930910469473645
2025-04-11 15:55:00,86,493,37.62451078901687,1,0.13571677283867284
2025-04-11 16:00:00,123,811,38.61427194408529,1,0.1465165846299465
2025-04-11 16:05:00,179,882,28.646539921648014,1,0.08691172856629459
2025-04-11 16:10:00,158,369,17.073266699379996,1,0.0941098926094085
2025-04-11 16:15:00,161,943,32.63420785873402,1,0.0698241594865785
2025-04-11 16:20:00,128,385,25.34676909343073,1,0.08647937501459574
2025-04-11 16:25:00,128,949,42.3576400517192,1,0.1037789281739745
2025-04-11 16:30:00,67,418,39.652845611409546,1,0.11779349489684932
2025-04-11 16:35:00,75,311,35.5094862239886,1,0.1025506757539662
2025-04-11 16:40:00,160,680,26.372349695001947,1,0.14135225982899846
2025-04-11 16:45:00,158,739,27.804045639672562,1,0.10199489482707003
2025-04-11 16:50:00,140,823,34.55195311461173,1,0.1275902377711176
2025-04-11 16:55:00,107,887,45.4923213294695,1,0.12947417185979926
2025-04-11 17:00:00,169,347,15.877176036736575,1,0.11523605634106121
2025-04-11 17:05:00,179,971,30.451085105019747,1,0.08072277269323919
2025-04-11 17:10:00,94,681,41.91650780003059,1,0.1319851239147678
2025-04-11 17:15:00,88,710,44.92693728579902,1,0.13690067857213573
2025-04-11 17:20:00,101,308,28.56472184253766,1,0.10058055946812833
2025-04-11 17:25:00,154,677,27.501600391742514,1,0.10604727264442021
2025-04-11 17:30:00,157,306,17.288907016231303,1,0.07282710668504883
2025-04-11 17:35:00,102,614,36.343920356640446,1,0.1497519836378965
2025-04-11 17:40:00,122,586,32.34636378072239,1,0.15320479288183997
2025-04-11 17:45:00,112,386,28.760260924851938,1,0.12316021201521149
2025-04-11 17:50:00,69,745,48.6813952568183,1,0.12329048651303548
2025-04-11 17:55:00,178,634,21.918174696541318,1,0.08417373828840019
2025-04-11 18:00:00,77,459,39.08412330714907,1,0.05196420214373465
2025-04-11 18:05:00,75,762,49.813416089273176,1,0.02312908954441817
2025-04-11 18:10:00,80,917,51.23809230595593,1,0.019040292078373988
2025-04-11 18:15:00,71,705,45.914148180705254,1,0.020531664078017098
2025-04-11 18:20:00,63,869,53.87571846235308,1,0.009477921837294567
2025-04-11 18:25:00,75,433,41.26726145278237,-1,-0.020947027029736498
2025-04-11 18:30:00,134,322,23.144889028510367,1,0.05166437288776071
2025-04-11 18:35:00,71,343,36.97865386611553,1,0.02137765682796655
2025-04-11 18:40:00,165,330,16.140785252163983,1,0.033875314569318804
2025-04-11 18:45:00,176,756,25.19173509757814,1,0.039812985582279636
2025-04-11 18:50:00,142,863,36.481989819845076,1,0.11577376612411322
2025-04-11 18:55:00,113,555,34.58210110952928,1,0.12437546665582727
2025-04-11 19:00:00,121,879,42.16440464717825,1,0.1339669993782816
2025-04-11 19:05:00,136,359,23.82962992687435,1,0.07755242916568106
2025-04-11 19:10:00,80,546,40.74346448925811,1,0.10879472075343471
2025-04-11 19:15:00,157,697,27.15297095154757,1,0.12669764918283083
2025-04-11 19:20:00,82,667,43.34562073099334,1,0.1314572677290608
2025-04-11 19:25:00,132,804,36.37726356640067,1,0.1559400662155342
2025-04-11 19:30:00,89,839,48.13232907392506,1,0.12482555541408474
2025-04-11 19:35:00,163,481,18.48874021038867,1,0.13045631550850695
2025-04-11 19:40:00,159,374,18.15838108920531,1,0.1324786388194939
2025-04-11 19:45:00,72,439,39.046867387852835,1,0.12939929250492732
2025-04-11 19:50:00,143,875,36.274765194125095,1,0.14677214792538845
2025-04-11 19:55:00,108,481,31.291032397014497,1,0.1451236822610339
2025-04-11 20:00:00,168,486,18.915793887287812,1,0.1326602243879813
2025-04-11 20:05:00,141,444,24.07985820299476,1,0.12109931656431511
2025-04-11 20:10:00,81,986,50.8719799616544,1,0.09157719689161703
2025-04-11 20:15:00,148,410,20.666952199533355,1,0.10387530198703893
2025-04-11 20:20:00,81,687,45.73082586186911,1,0.09345361148005349
2025-04-11 20:25:00,160,530,21.982805550213637,1,0.12315752671890168
2025-04-11 20:30:00,97,407,33.00722607873502,1,0.08452549689827366
2025-04-11 20:35:00,153,646,26.55169719293506,1,0.08131112228104587
2025-04-11 20:40:00,137,354,22.791701275357855,1,0.10556344012011865
2025-04-11 20:45:00,149,976,34.88998608132542,1,0.1034649734223343
2025-04-11 20:50:00,133,355,23.69227501522991,1,0.12352656860753458
2025-04-11 20:55:00,121,511,31.11788695223816,1,0.1387599969324203
2025-04-11 21:00:00,168,782,28.186733923830747,1,0.09583254048999212
2025-04-11 21:05:00,109,678,38.86099432824336,1,0.13414584618118353
2025-04-11 21:10:00,93,363,32.049781189897075,1,0.09197500823117033
2025-04-11 21:15:00,145,903,36.36590670498801,1,0.13322049034893263
2025-04-11 21:20:00,113,786,40.22395323514294,1,0.13550692941065662
2025-04-11 21:25:00,124,993,42.86855387548012,1,0.12208325755717514
2025-04-11 21:30:00,81,343,34.762704659839436,1,0.0923221118318216
2025-04-11 21:35:00,165,564,22.452334461595896,1,0.14674532124250178
2025-04-11 21:40:00,71,865,50.88236286880868,1,0.11574061209565051
2025-04-11 21:45:00,160,835,32.23728996197572,1,0.1066120083324072
2025-04-11 21:50:00,135,876,41.84340163543457,1,0.1172148523904149
2025-04-11 21:55:00,172,970,32.074840853710825,1,0.052994366672238
2025-04-11 22:00:00,95,923,47.76087763173381,1,0.07176788363178005
2025-04-11 22:05:00,148,786,31.317664411059795,1,0.10533885855524111
2025-04-11 22:10:00,99,400,32.81051922979711,1,0.09600053643943812
2025-04-11 22:15:00,159,726,26.306815842344207,1,0.1092991158363174
2025-04-11 22:20:00,154,357,19.061618540109905,1,0.08641418592745392
2025-04-11 22:25:00,77,329,35.050029886630774,1,0.09610470132939203
2025-04-11 22:30:00,91,669,41.92002332688087,1,0.13927356112257905
2025-04-11 22:35:00,110,331,28.086299736762594,1,0.12824475652583683
2025-04-11 22:40:00,171,658,25.07319079872747,1,0.13454602808314237
2025-04-11 22:45:00,96,466,33.49070654172201,1,0.1397879532388206
2025-04-11 22:50:00,94,320,32.11742240690601,1,0.05724776705581747
2025-04-11 22:55:00,136,558,27.18651803867393,1,0.08131537757349311
2025-04-11 23:00:00,114,770,64.30835267167161,1,0.04559511837114838
2025-04-11 23:05:00,165,404,42.497819864690534,-1,-0.0002726101279101334
2025-04-11 23:10:00,131,589,55.95963159576179,-1,-0.011275569760478277
2025-04-11 23:15:00,95,567,62.69286980260443,-1,-0.009662586598755185
2025-04-11 23:20:00,175,976,55.3883321136939,-1,-0.0037583192853535285
2025-04-11 23:25:00,97,697,63.487874807138404,1,0.06373459262777814
2025-04-11 23:30:00,103,847,65.01907373757358,1,0.07309586216504954
2025-04-11 23:35:00,98,871,70.94300927937346,1,0.05193172152326164
2025-04-11 23:40:00,152,996,56.048910085853166,1,0.01657622028764094
2025-04-11 23:45:00,155,639,50.476143530019584,1,0.029956471251337713
2025-04-11 23:50:00,120,894,62.165470593826406,1,0.03959529356627367
2025-04-11 23:55:00,171,605,49.27253084569858,1,0.011623005840279088
2025-04-12 00:00:00,85,768,66.96572799080808,1,0.01972695253550627
2025-04-12 00:05:00,122,620,56.87637289302973,1,0.020633218149536225
2025-04-12 00:10:00,133,390,46.31486403706844,1,0.035551275895442935
2025-04-12 00:15:00,114,304,51.01119967853158,1,0.018243222330384112
2025-04-12 00:20:00,174,318,41.37836033632374,-1,-0.011316760842408624
2025-04-12 00:25:00,99,815,69.32855185210995,1,0.05445582870590515
2025-04-12 00:30:00,97,836,66.43518804464289,1,0.057257650752441935
2025-04-12 00:35:00,103,492,58.70596742120029,1,0.06139108090157486
2025-04-12 00:40:00,62,434,57.07721204745657,1,0.027388453609750396
2025-04-12 00:45:00,75,684,57.284073292955306,1,0.0266421573037261
2025-04-12 00:50:00,66,320,57.324975304850106,-1,-0.035239863576346675
2025-04-12 00:55:00,75,456,60.563272211300074,-1,-0.03049959174686301
2025-04-12 01:00:00,113,832,66.50102018328352,1,0.000527641212979324
2025-04-12 01:05:00,166,932,55.08205920730095,1,0.00676614768179562
2025-04-12 01:10:00,85,835,67.3716394574114,1,0.019228746287732856
2025-04-12 01:15:00,65,792,70.37687861639374,1,0.002382558993499817
2025-04-12 01:20:00,176,805,51.96071450241334,-1,-0.025760139208992228
2025-04-12 01:25:00,152,959,56.382933930354284,-1,-0.001223006270822391
2025-04-12 01:30:00,119,340,51.43874540628153,1,0.006725493772348545
2025-04-12 01:35:00,154,309,40.89437322714761,-1,-0.0164791871160187
2025-04-12 01:40:00,174,395,41.2603720556267,1,0.015378150832805804
2025-04-12 01:45:00,111,694,63.42382069798081,1,0.050122400394872035
2025-04-12 01:50:00,74,406,52.31742495020005,1,0.017962756413979042
2025-04-12 01:55:00,146,688,52.503234008148404,1,0.061468725171979655
2025-04-12 02:00:00,121,721,58.444410303843576,1,0.07076648962991178
2025-04-12 02:05:00,61,890,75.87576820735836,1,0.0002751421168906143
2025-04-12 02:10:00,126,743,57.15339386166416,1,0.06566960123280297
2025-04-12 02:15:00,79,355,56.074490971041435,1,0.008461312365498963
2025-04-12 02:20:00,169,803,50.64808202865718,1,0.04888996067513862
2025-04-12 02:25:00,124,687,49.05238343012833,1,0.05967301278851089
2025-04-12 02:30:00,162,810,51.91504308948512,1,0.05108977057562314
2025-04-12 02:35:00,73,870,70.50509099607032,1,0.04831639420413625
